{"0": {"index": 0, "parent_index": -1, "pt": 127.45083456585597, "eta": -0.19482957403994947, "phi": 3.719591176504514, "m": 17.185602886069592, "d1": {"index": 1, "parent_index": 0, "pt": 127.42949005166376, "eta": -0.1947617576297923, "phi": 3.7196072926398704, "m": 17.171656001269795, "d1": {"index": 2, "parent_index": 1, "pt": 113.7998109085896, "eta": -0.22032964307406874, "phi": 3.738112656762399, "m": 10.155448050742823, "d1": {"index": 3, "parent_index": 2, "pt": 111.41463481313367, "eta": -0.2233246147545304, "phi": 3.733370544022571, "m": 8.702159407933458, "d1": {"index": 4, "parent_index": 3, "pt": 111.16342487106508, "eta": -0.22332765959507545, "phi": 3.7338253533842884, "m": 8.627316198874581, "d1": {"index": 5, "parent_index": 4, "pt": 95.52850344649816, "eta": -0.2451305575857523, "phi": 3.726768247257159, "m": 4.512736330764126, "d1": {"index": 6, "parent_index": 5, "pt": 94.9879022606469, "eta": -0.24434382424019765, "phi": 3.7264554870145563, "m": 4.375399938848207, "d1": {"index": 7, "parent_index": 6, "pt": 86.60781534090367, "eta": -0.241949638309807, "phi": 3.734794159616697, "m": 2.9570907793739547, "d1": {"index": 8, "parent_index": 7, "pt": 79.26191620035543, "eta": -0.24418625374518554, "phi": 3.727459864964661, "m": 1.8554412731557512, "d1": {"index": 9, "parent_index": 8, "pt": 66.53233425980979, "eta": -0.2373796979837768, "phi": 3.7232049906340654, "m": 0.9572628979824797, "d1": {"index": 10, "parent_index": 9, "pt": 60.42648428135565, "eta": -0.23741794165416474, "phi": 3.720225467088209, "m": 0.692108262077648, "d1": {"index": 11, "parent_index": 10, "pt": 32.95552394008308, "eta": -0.2451051294490354, "phi": 3.7145577790318804, "m": 0.1395700000189451, "d1": null, "d2": null}, "d2": {"index": 12, "parent_index": 10, "pt": 27.472124609974053, "eta": -0.22816833559232833, "phi": 3.7270244340817396, "m": 0.13956999998601757, "d1": null, "d2": null}}, "d2": {"index": 13, "parent_index": 9, "pt": 6.108771932501295, "eta": -0.2368899132916663, "phi": 3.75268193685617, "m": -1.854348945579558e-07, "d1": null, "d2": null}}, "d2": {"index": 14, "parent_index": 8, "pt": 12.73333134298042, "eta": -0.2794950441508023, "phi": 3.749693574596091, "m": 0.20202385698540024, "d1": {"index": 15, "parent_index": 14, "pt": 12.333988714054504, "eta": -0.27849296480721825, "phi": 3.7506370105595734, "m": 0.17440374597457986, "d1": {"index": 16, "parent_index": 15, "pt": 10.542898098615586, "eta": -0.2743911481554665, "phi": 3.7466373695712627, "m": -1.3852876917914675e-07, "d1": null, "d2": null}, "d2": {"index": 17, "parent_index": 15, "pt": 1.7916712288419698, "eta": -0.3024481106071404, "phi": 3.774174581583468, "m": 0.013374455943928816, "d1": {"index": 18, "parent_index": 17, "pt": 1.0948944771704465, "eta": -0.3065918169326557, "phi": 3.7699056656929892, "m": -2.6676537934630255e-08, "d1": null, "d2": null}, "d2": {"index": 19, "parent_index": 17, "pt": 0.6968024043949907, "eta": -0.29591605030341267, "phi": 3.780882413326797, "m": -2.19963148166724e-08, "d1": null, "d2": null}}}, "d2": {"index": 20, "parent_index": 14, "pt": 0.3995176134343499, "eta": -0.31017485885346896, "phi": 3.7205635130937376, "m": 1.1653632739044712e-08, "d1": null, "d2": null}}}, "d2": {"index": 21, "parent_index": 7, "pt": 7.370990280039066, "eta": -0.21701329372352698, "phi": 3.8137427597306854, "m": 0.13180136724778999, "d1": {"index": 22, "parent_index": 21, "pt": 6.978642792800255, "eta": -0.21396675266384135, "phi": 3.811210679116005, "m": 0.047608644212963847, "d1": {"index": 23, "parent_index": 22, "pt": 5.219824643154283, "eta": -0.2177504967719874, "phi": 3.8100582508900085, "m": -1.548743796081638e-07, "d1": null, "d2": null}, "d2": {"index": 24, "parent_index": 22, "pt": 1.7588319027895156, "eta": -0.20271818679566783, "phi": 3.8146308374836875, "m": 4.4674291608601e-08, "d1": null, "d2": null}}, "d2": {"index": 25, "parent_index": 21, "pt": 0.3927675540158631, "eta": -0.2705657225837095, "phi": 3.8587475813870054, "m": 6.5906992491129995e-09, "d1": null, "d2": null}}}, "d2": {"index": 26, "parent_index": 6, "pt": 8.414147848767051, "eta": -0.26794162300678837, "phi": 3.640519809366726, "m": 0.4794923285795453, "d1": {"index": 27, "parent_index": 26, "pt": 5.211564930843145, "eta": -0.2343812971471864, "phi": 3.6273208517528115, "m": 0.13956999999997138, "d1": null, "d2": null}, "d2": {"index": 28, "parent_index": 26, "pt": 3.20377536752267, "eta": -0.3218013800067339, "phi": 3.661991512328891, "m": 0.13956999999998207, "d1": null, "d2": null}}}, "d2": {"index": 29, "parent_index": 5, "pt": 0.5414215146866473, "eta": -0.38017358496506354, "phi": 3.7816670021556678, "m": -9.752183026994046e-09, "d1": null, "d2": null}}, "d2": {"index": 30, "parent_index": 4, "pt": 15.651825288224604, "eta": -0.08809113539007923, "phi": 3.7769102841037365, "m": 1.1798735748890543, "d1": {"index": 31, "parent_index": 30, "pt": 12.976191419972404, "eta": -0.09402867701506604, "phi": 3.79553521041959, "m": 0.6776429022686775, "d1": {"index": 32, "parent_index": 31, "pt": 9.230894319962504, "eta": -0.07382591031812649, "phi": 3.807880556871373, "m": 0.37097336686536164, "d1": {"index": 33, "parent_index": 32, "pt": 6.8303334442019965, "eta": -0.08457883734156452, "phi": 3.8136946983581375, "m": 0.13956999999998249, "d1": null, "d2": null}, "d2": {"index": 34, "parent_index": 32, "pt": 2.4010047631254525, "eta": -0.04318004120661121, "phi": 3.7913399348777532, "m": 0.13957000000000153, "d1": null, "d2": null}}, "d2": {"index": 35, "parent_index": 31, "pt": 3.74773342135066, "eta": -0.14354940590186144, "phi": 3.765123959655131, "m": 0.09907006688107187, "d1": {"index": 36, "parent_index": 35, "pt": 2.467126669120178, "eta": -0.1545650556371385, "phi": 3.7783326942339373, "m": 0.0343253378436563, "d1": {"index": 37, "parent_index": 36, "pt": 1.715783053948705, "eta": -0.15469983274783475, "phi": 3.769126510003146, "m": 2.1962112652191587e-08, "d1": null, "d2": null}, "d2": {"index": 38, "parent_index": 36, "pt": 0.7515823262072759, "eta": -0.15420865645041082, "phi": 3.799350690859907, "m": -9.868506167049552e-09, "d1": null, "d2": null}}, "d2": {"index": 39, "parent_index": 35, "pt": 1.28123643775398, "eta": -0.12221989169556047, "phi": 3.7396874460825185, "m": 1.5789877773503653e-08, "d1": null, "d2": null}}}, "d2": {"index": 40, "parent_index": 30, "pt": 2.6887669783412522, "eta": -0.05896615371805736, "phi": 3.686908730087621, "m": 0.25650471213839976, "d1": {"index": 41, "parent_index": 40, "pt": 1.4738069368273805, "eta": -0.05340373612050859, "phi": 3.7200955772646034, "m": 2.1549174568816217e-08, "d1": null, "d2": null}, "d2": {"index": 42, "parent_index": 40, "pt": 1.2167546646880363, "eta": -0.06561440119882234, "phi": 3.6467073616540255, "m": 0.15917389411165858, "d1": {"index": 43, "parent_index": 42, "pt": 0.9354789050982938, "eta": -0.0653258783932269, "phi": 3.6491922283465943, "m": 0.13957000000000053, "d1": null, "d2": null}, "d2": {"index": 44, "parent_index": 42, "pt": 0.2812882527133846, "eta": -0.06657099081950776, "phi": 3.6384433676300754, "m": -2.1201698856229823e-09, "d1": null, "d2": null}}}}}, "d2": {"index": 45, "parent_index": 3, "pt": 0.2562583452971176, "eta": -0.2176724178127944, "phi": 3.53477392466261, "m": 8.525197871582032e-09, "d1": null, "d2": null}}, "d2": {"index": 46, "parent_index": 2, "pt": 2.4442144694571057, "eta": -0.07678354606411048, "phi": 3.9559913213301074, "m": 0.3696070652500242, "d1": {"index": 47, "parent_index": 46, "pt": 2.175827245810126, "eta": -0.05020971892441535, "phi": 3.9516077944847114, "m": 0.30122612461252185, "d1": {"index": 48, "parent_index": 47, "pt": 1.2119970928008168, "eta": -0.048589424358499306, "phi": 3.9961875101294653, "m": 0.1395699999999997, "d1": null, "d2": null}, "d2": {"index": 49, "parent_index": 47, "pt": 0.9665446353089658, "eta": -0.052100419620487705, "phi": 3.895696519651552, "m": 0.13956999999999997, "d1": null, "d2": null}}, "d2": {"index": 50, "parent_index": 46,